,Simple Model,Complex Model
accuracy,0.7154,0.6341463414634146
precision,0.7517,0.6666666666666666
recall,0.7724,0.7586206896551724
f1,0.7619,0.7096774193548387
