{
  "logistic_regression": {
    "logistic_regression_accuracy": 0.6382113821138211,
    "logistic_regression_precision": 0.6971830985915493,
    "logistic_regression_recall": 0.6827586206896552,
    "logistic_regression_f1": 0.6898954703832753,
    "logistic_regression_roc_auc": 0.708910891089109,
    "logistic_regression_upset_accuracy": 0.20238095238095238,
    "logistic_regression_upset_precision": 0.4358974358974359,
    "logistic_regression_upset_recall": 0.20238095238095238,
    "logistic_regression_upset_f1": 0.27642276422764234,
    "logistic_regression_predictions_path": "/Users/kerembetir/Desktop/Others/Kerem/complete-overhaul-452/output/predictions/logistic_regression_predictions.npy",
    "logistic_regression_probabilities_path": "/Users/kerembetir/Desktop/Others/Kerem/complete-overhaul-452/output/predictions/logistic_regression_probabilities.npy",
    "upset_accuracy": 0.20238095238095238,
    "upset_precision": 0.4358974358974359,
    "upset_recall": 0.20238095238095238,
    "upset_f1": 0.27642276422764234
  },
  "random_forest": {
    "random_forest_accuracy": 0.6341463414634146,
    "random_forest_precision": 0.6666666666666666,
    "random_forest_recall": 0.7586206896551724,
    "random_forest_f1": 0.7096774193548387,
    "random_forest_roc_auc": 0.6756572208945032,
    "random_forest_upset_accuracy": 0.27380952380952384,
    "random_forest_upset_precision": 0.4423076923076923,
    "random_forest_upset_recall": 0.27380952380952384,
    "random_forest_upset_f1": 0.3382352941176471,
    "random_forest_predictions_path": "/Users/kerembetir/Desktop/Others/Kerem/complete-overhaul-452/output/predictions/random_forest_predictions.npy",
    "random_forest_probabilities_path": "/Users/kerembetir/Desktop/Others/Kerem/complete-overhaul-452/output/predictions/random_forest_probabilities.npy",
    "upset_accuracy": 0.27380952380952384,
    "upset_precision": 0.4423076923076923,
    "upset_recall": 0.27380952380952384,
    "upset_f1": 0.3382352941176471
  },
  "gradient_boosting": {
    "gradient_boosting_accuracy": 0.6178861788617886,
    "gradient_boosting_precision": 0.6545454545454545,
    "gradient_boosting_recall": 0.7448275862068966,
    "gradient_boosting_f1": 0.6967741935483871,
    "gradient_boosting_roc_auc": 0.699283031751451,
    "gradient_boosting_upset_accuracy": 0.30952380952380953,
    "gradient_boosting_upset_precision": 0.41935483870967744,
    "gradient_boosting_upset_recall": 0.30952380952380953,
    "gradient_boosting_upset_f1": 0.3561643835616438,
    "gradient_boosting_predictions_path": "/Users/kerembetir/Desktop/Others/Kerem/complete-overhaul-452/output/predictions/gradient_boosting_predictions.npy",
    "gradient_boosting_probabilities_path": "/Users/kerembetir/Desktop/Others/Kerem/complete-overhaul-452/output/predictions/gradient_boosting_probabilities.npy",
    "upset_accuracy": 0.30952380952380953,
    "upset_precision": 0.41935483870967744,
    "upset_recall": 0.30952380952380953,
    "upset_f1": 0.3561643835616438
  },
  "elo": {
    "accuracy": 0.6707317073170732,
    "predictions": [
      1,
      0,
      0,
      1,
      0,
      1,
      1,
      0,
      1,
      0,
      0,
      0,
      0,
      1,
      1,
      1,
      0,
      1,
      1,
      1,
      1,
      1,
      1,
      1,
      1,
      1,
      0,
      0,
      1,
      1,
      1,
      1,
      1,
      1,
      0,
      1,
      1,
      1,
      1,
      1,
      1,
      1,
      1,
      1,
      1,
      0,
      1,
      0,
      1,
      1,
      1,
      1,
      1,
      1,
      1,
      1,
      1,
      0,
      1,
      1,
      0,
      1,
      1,
      1,
      1,
      1,
      0,
      1,
      1,
      0,
      1,
      1,
      1,
      1,
      0,
      0,
      1,
      0,
      1,
      1,
      1,
      0,
      1,
      1,
      0,
      1,
      0,
      0,
      0,
      1,
      0,
      0,
      0,
      1,
      1,
      1,
      0,
      0,
      0,
      1,
      1,
      1,
      0,
      0,
      0,
      0,
      1,
      1,
      1,
      1,
      1,
      1,
      0,
      0,
      0,
      1,
      0,
      1,
      0,
      0,
      1,
      1,
      1,
      0,
      1,
      1,
      0,
      1,
      1,
      1,
      0,
      1,
      0,
      0,
      1,
      1,
      1,
      0,
      1,
      1,
      1,
      1,
      1,
      0,
      1,
      0,
      0,
      1,
      1,
      0,
      0,
      1,
      1,
      1,
      0,
      1,
      0,
      0,
      0,
      0,
      1,
      1,
      1,
      0,
      1,
      1,
      1,
      0,
      1,
      0,
      1,
      1,
      0,
      0,
      1,
      1,
      1,
      1,
      0,
      1,
      0,
      1,
      1,
      1,
      0,
      1,
      1,
      1,
      0,
      1,
      1,
      0,
      0,
      1,
      0,
      1,
      0,
      1,
      1,
      1,
      0,
      0,
      1,
      1,
      1,
      1,
      1,
      1,
      1,
      0,
      1,
      0,
      1,
      1,
      1,
      1,
      1,
      1,
      1,
      0,
      1,
      1,
      1,
      0,
      1,
      0,
      1,
      0,
      1,
      0,
      0,
      1,
      0,
      0,
      0,
      1,
      1,
      1,
      1,
      1,
      0,
      1,
      0,
      1,
      1,
      1
    ],
    "upset_accuracy": 0.25,
    "upset_precision": 0.5384615384615384,
    "upset_recall": 0.25,
    "upset_f1": 0.3414634146341463
  },
  "voting_ensemble": {
    "accuracy": 0.6382113821138211,
    "upset_accuracy": 0.2976190476190476,
    "upset_precision": 0.45454545454545453,
    "upset_recall": 0.2976190476190476,
    "upset_f1": 0.3597122302158273
  },
  "stacking_ensemble": {
    "accuracy": 0.6910569105691057,
    "upset_accuracy": 0.2976190476190476,
    "upset_precision": 0.5952380952380952,
    "upset_recall": 0.2976190476190476,
    "upset_f1": 0.39682539682539686
  },
  "upset_specialized": {
    "accuracy": 0.5894308943089431,
    "upset_accuracy": 0.023809523809523808,
    "upset_precision": 0.6666666666666666,
    "upset_recall": 0.023809523809523808,
    "upset_f1": 0.04597701149425287
  }
}